time (days),num_mkp_obs,num_mkp_obs_std,rho_plt_obs,rho_plt_obs_std
12,,,971.8,149.2402091
16,,,976.8,175.3089844
22,32554.30473,5851.098192,1085.8,186.344144
